/*
 Navicat Premium Data Transfer

 Source Server         : localhost
 Source Server Type    : MySQL
 Source Server Version : 100424 (10.4.24-MariaDB)
 Source Host           : localhost:3306
 Source Schema         : databasetintuyendung

 Target Server Type    : MySQL
 Target Server Version : 100424 (10.4.24-MariaDB)
 File Encoding         : 65001

 Date: 16/04/2023 21:08:08
*/

SET NAMES utf8mb4;
SET FOREIGN_KEY_CHECKS = 0;

-- ----------------------------
-- Table structure for account
-- ----------------------------
DROP TABLE IF EXISTS `account`;
CREATE TABLE `account`  (
  `id` int NOT NULL AUTO_INCREMENT,
  `companyId` int NULL DEFAULT NULL,
  `email` text CHARACTER SET utf8mb4 COLLATE utf8mb4_general_ci NOT NULL,
  `username` varchar(128) CHARACTER SET utf8mb4 COLLATE utf8mb4_general_ci NOT NULL,
  `password` varchar(128) CHARACTER SET utf8mb4 COLLATE utf8mb4_general_ci NOT NULL,
  `name` text CHARACTER SET utf8mb4 COLLATE utf8mb4_general_ci NULL,
  `type` tinyint NOT NULL,
  `role` tinyint NOT NULL,
  `status` tinyint NOT NULL,
  `createDate` date NOT NULL,
  `updateDate` date NULL DEFAULT NULL,
  PRIMARY KEY (`id`) USING BTREE
) ENGINE = InnoDB AUTO_INCREMENT = 4 CHARACTER SET = utf8mb4 COLLATE = utf8mb4_general_ci ROW_FORMAT = Dynamic;

-- ----------------------------
-- Records of account
-- ----------------------------
INSERT INTO `account` (`id`, `companyId`, `email`, `username`, `password`, `name`, `type`, `role`, `status`, `createDate`, `updateDate`) VALUES (1, 1, '20130340@st.hcmuaf.edu.vn', 'busi', 's2t085INWPYloRMPvg5QKEtGClI=', 'Nguen', 0, 2, 1, '2023-04-05', NULL);
INSERT INTO `account` (`id`, `companyId`, `email`, `username`, `password`, `name`, `type`, `role`, `status`, `createDate`, `updateDate`) VALUES (2, NULL, '20130340@st.hcmuaf.edu.vn', 'admin', 's2t085INWPYloRMPvg5QKEtGClI=', 'ADMIN', 0, 0, 1, '2023-04-09', NULL);
INSERT INTO `account` (`id`, `companyId`, `email`, `username`, `password`, `name`, `type`, `role`, `status`, `createDate`, `updateDate`) VALUES (3, NULL, '20130340@st.hcmuaf.edu.vn', 'candi', 's2t085INWPYloRMPvg5QKEtGClI=', 'candi', 0, 1, 1, '2023-04-09', NULL);
INSERT INTO `account` (`id`, `companyId`, `email`, `username`, `password`, `name`, `type`, `role`, `status`, `createDate`, `updateDate`) VALUES (4, NULL, 'pho.02.112002@gmail.com', 'candi2', 's2t085INWPYloRMPvg5QKEtGClI=', 'Nguyen Dinh Nguyen', 0, 1, 1, '2023-04-18', NULL);
INSERT INTO `account` (`id`, `companyId`, `email`, `username`, `password`, `name`, `type`, `role`, `status`, `createDate`, `updateDate`) VALUES (5, NULL, 'alexander25xyz@gmail.com', 'cadi3', 's2t085INWPYloRMPvg5QKEtGClI=', 'Alex', 0, 1, 1, '2023-05-22', NULL);
INSERT INTO `account` (`id`, `companyId`, `email`, `username`, `password`, `name`, `type`, `role`, `status`, `createDate`, `updateDate`) VALUES (6, 2, 'lethanhnghia0938@gmail.com', 'busi2', 's2t085INWPYloRMPvg5QKEtGClI=', '', 0, 2, 1, '2023-05-07', NULL);
INSERT INTO `account` (`id`, `companyId`, `email`, `username`, `password`, `name`, `type`, `role`, `status`, `createDate`, `updateDate`) VALUES (7, 3, 'k46cntt2020@gmail.com', 'busi3', 's2t085INWPYloRMPvg5QKEtGClI=', 'Hung', 0, 2, 1, '2023-05-22', NULL);
INSERT INTO `account` (`id`, `companyId`, `email`, `username`, `password`, `name`, `type`, `role`, `status`, `createDate`, `updateDate`) VALUES (8, 4, 'noah252ltn@gmail.com', 'busi4', 's2t085INWPYloRMPvg5QKEtGClI=', 'Tien', 0, 2, 1, '2023-05-22', NULL);
INSERT INTO `account` (`id`, `companyId`, `email`, `username`, `password`, `name`, `type`, `role`, `status`, `createDate`, `updateDate`) VALUES (9, NULL, 'alexanderray25n@gmail.com', 'candi4', 's2t085INWPYloRMPvg5QKEtGClI=', 'Vuong', 0, 1, 1, '2023-05-22', NULL);
INSERT INTO `account` (`id`, `companyId`, `email`, `username`, `password`, `name`, `type`, `role`, `status`, `createDate`, `updateDate`) VALUES (10, 2, 'bachvocamki@gmail.com', 'busi5', 's2t085INWPYloRMPvg5QKEtGClI=', 'Hoa', 0, 2, 1, '2023-05-22', NULL);
INSERT INTO `account` (`id`, `companyId`, `email`, `username`, `password`, `name`, `type`, `role`, `status`, `createDate`, `updateDate`) VALUES (11, NULL, 'sonic76922@gmail.com', 'candi5', 's2t085INWPYloRMPvg5QKEtGClI=', 'Lam', 0, 1, 1, '2023-05-22', NULL);
INSERT INTO `account` (`id`, `companyId`, `email`, `username`, `password`, `name`, `type`, `role`, `status`, `createDate`, `updateDate`) VALUES (12, NULL, 'kato25w@gmail.com', 'candi6', 's2t085INWPYloRMPvg5QKEtGClI=', 'Tue', 0, 1, 1, '2023-05-22', NULL);
INSERT INTO `account` (`id`, `companyId`, `email`, `username`, `password`, `name`, `type`, `role`, `status`, `createDate`, `updateDate`) VALUES (13, NULL, 'Letuyet0853@gmail.com', 'candi7', 's2t085INWPYloRMPvg5QKEtGClI=', 'Tuyet', 0, 1, 1, '2023-05-22', NULL);
INSERT INTO `account` (`id`, `companyId`, `email`, `username`, `password`, `name`, `type`, `role`, `status`, `createDate`, `updateDate`) VALUES (14, NULL, 'vantung@gmail.com', 'candi9', 's2t085INWPYloRMPvg5QKEtGClI=', 'Tung', 0, 1, 1, '2023-05-22', NULL);
INSERT INTO `account` (`id`, `companyId`, `email`, `username`, `password`, `name`, `type`, `role`, `status`, `createDate`, `updateDate`) VALUES (15, NULL, 'maidora@gmail.com', 'candi8', 's2t085INWPYloRMPvg5QKEtGClI=', 'Mai', 0, 1, 1, '2023-05-22', NULL);
-- ----------------------------
-- Table structure for bill
-- ----------------------------
DROP TABLE IF EXISTS `bill`;
CREATE TABLE `bill`  (
  `id` int NOT NULL AUTO_INCREMENT,
  `numAccount` text CHARACTER SET utf8mb4 COLLATE utf8mb4_general_ci NULL,
  `money` text CHARACTER SET utf8mb4 COLLATE utf8mb4_general_ci NULL,
  `createDate` date NOT NULL,
  `accountId` int NULL DEFAULT NULL,
  PRIMARY KEY (`id`) USING BTREE
) ENGINE = InnoDB AUTO_INCREMENT = 16 CHARACTER SET = utf8mb4 COLLATE = utf8mb4_general_ci ROW_FORMAT = Dynamic;

-- ----------------------------
-- Records of bill
-- ----------------------------
INSERT INTO `bill` VALUES (1, NULL, NULL, '2023-05-02',1);
INSERT INTO `bill` VALUES (2, '11111', '36050', '2023-05-02',6);
INSERT INTO `bill` VALUES (3, '', '72100', '2023-05-02',7);
INSERT INTO `bill` VALUES (4, '', '36050', '2023-05-03',10);
INSERT INTO `bill` VALUES (5, '', '36050', '2023-05-03',1);
INSERT INTO `bill` VALUES (6, '', '36050', '2023-05-03',8);
INSERT INTO `bill` VALUES (7, '', '36050', '2023-05-03',7);
INSERT INTO `bill` VALUES (8, '', '36050', '2023-05-03',6);
INSERT INTO `bill` VALUES (9, '', '36050', '2023-05-03',10);
INSERT INTO `bill` VALUES (10, '', '150050', '2023-05-03',1);
INSERT INTO `bill` VALUES (11, '', '85000', '2023-05-03',6);

-- ----------------------------
-- Table structure for category
-- ----------------------------
DROP TABLE IF EXISTS `category`;
CREATE TABLE `category`  (
  `id` int NOT NULL AUTO_INCREMENT,
  `name` text CHARACTER SET utf8mb4 COLLATE utf8mb4_general_ci NULL,
  `createDate` date NOT NULL,
  PRIMARY KEY (`id`) USING BTREE
) ENGINE = InnoDB AUTO_INCREMENT = 5 CHARACTER SET = utf8mb4 COLLATE = utf8mb4_general_ci ROW_FORMAT = Dynamic;

-- ----------------------------
-- Records of category
-- ----------------------------
INSERT INTO `category` VALUES (1, 'Trí tuệ nhân tạo', '2023-04-05');
INSERT INTO `category` VALUES (2, 'Công nghệ phần mềm', '2023-04-05');
INSERT INTO `category` VALUES (3, 'Mạng', '2023-04-05');
INSERT INTO `category` VALUES (4, 'Hệ thống thông tin', '2023-04-05');
INSERT INTO `category` VALUES (5, 'Big Data và Machine Learning', '2023-05-22');

-- ----------------------------
-- Table structure for company
-- ----------------------------
DROP TABLE IF EXISTS `company`;
CREATE TABLE `company`  (
  `id` int NOT NULL AUTO_INCREMENT,
  `imageId` int NULL DEFAULT NULL,
  `name` text CHARACTER SET utf8mb4 COLLATE utf8mb4_general_ci NULL,
  `phone` text CHARACTER SET utf8mb4 COLLATE utf8mb4_general_ci NULL,
  `address` text CHARACTER SET utf8mb4 COLLATE utf8mb4_general_ci NULL,
  `description` mediumtext CHARACTER SET utf8mb4 COLLATE utf8mb4_general_ci NULL,
  `createDate` date NOT NULL,
  `updateDate` date NULL DEFAULT NULL,
  PRIMARY KEY (`id`) USING BTREE
) ENGINE = InnoDB AUTO_INCREMENT = 2 CHARACTER SET = utf8mb4 COLLATE = utf8mb4_general_ci ROW_FORMAT = Dynamic;

-- ----------------------------
-- Records of company
-- ----------------------------
INSERT INTO `company` VALUES (1, NULL, 'A', '12333', 'q9', 'abc', '2023-04-05', NULL);

-- ----------------------------
-- Table structure for image
-- ----------------------------
DROP TABLE IF EXISTS `image`;
CREATE TABLE `image`  (
  `id` int NOT NULL AUTO_INCREMENT,
  `url` text CHARACTER SET utf8mb4 COLLATE utf8mb4_general_ci NULL,
  `type` varchar(16) CHARACTER SET utf8mb4 COLLATE utf8mb4_general_ci NULL DEFAULT NULL,
  `createDate` date NOT NULL,
  `updateDate` date NULL DEFAULT NULL,
  PRIMARY KEY (`id`) USING BTREE
) ENGINE = InnoDB AUTO_INCREMENT = 1 CHARACTER SET = utf8mb4 COLLATE = utf8mb4_general_ci ROW_FORMAT = Dynamic;

-- ----------------------------
-- Records of image
-- ----------------------------

-- ----------------------------
-- Table structure for post
-- ----------------------------
DROP TABLE IF EXISTS `post`;
CREATE TABLE `post`  (
  `id` int NOT NULL AUTO_INCREMENT,
  `categoryId` int NULL DEFAULT NULL,
  `accountId` int NULL DEFAULT NULL,
  `title` text CHARACTER SET utf8mb4 COLLATE utf8mb4_general_ci NULL,
  `quantity` varchar(128) CHARACTER SET utf8mb4 COLLATE utf8mb4_general_ci NULL DEFAULT NULL,
  `salary` tinytext CHARACTER SET utf8mb4 COLLATE utf8mb4_general_ci NULL,
  `address` mediumtext CHARACTER SET utf8mb4 COLLATE utf8mb4_general_ci NULL,
  `type` varchar(128) CHARACTER SET utf8mb4 COLLATE utf8mb4_general_ci NULL DEFAULT NULL,
  `rank` varchar(128) CHARACTER SET utf8mb4 COLLATE utf8mb4_general_ci NULL DEFAULT NULL,
  `gen` varchar(128) CHARACTER SET utf8mb4 COLLATE utf8mb4_general_ci NULL DEFAULT NULL,
  `description` text CHARACTER SET utf8mb4 COLLATE utf8mb4_general_ci NULL,
  `rights` text CHARACTER SET utf8mb4 COLLATE utf8mb4_general_ci NULL,
  `request` text CHARACTER SET utf8mb4 COLLATE utf8mb4_general_ci NULL,
  `status` tinyint NOT NULL,
  `createDate` date NOT NULL,
  `endDate` date NOT NULL,
  `billId` int NULL DEFAULT NULL,
  `priceId` int NOT NULL,
  PRIMARY KEY (`id`) USING BTREE
) ENGINE = InnoDB AUTO_INCREMENT = 1 CHARACTER SET = utf8mb4 COLLATE = utf8mb4_general_ci ROW_FORMAT = Dynamic;

-- ----------------------------
-- Records of post
-- ----------------------------
INSERT INTO `post` (`id`, `categoryId`, `accountId`, `title`, `quantity`, `salary`, `address`, `type`, `rank`, `gen`, `description`, `rights`, `request`, `status`, `createDate`, `endDate`, `billId`, `priceId`) VALUES (1, 1, 1, 'Lập Trình Viên AI', '3', '1000000', 'Thành Phố Hồ Chí Minh', 'Toàn thời gian', 'Nhân viên', 'Không yêu cầu', '・Chi tiết công việc sẽ trao đổi trong buổi phỏng vấn.', '- Thưởng cuối năm', 'Phải có:\r\n\r\n_ Kĩ năng giao tiếp:\r\n\r\n• Tiếng Nhật: tương đương N3 trở lên, giao tiếp tốt.\r\n\r\n• Năng động trong giao tiếp.\r\n\r\n_ Yêu cầu kỹ thuật:\r\n\r\n• Có kinh nghiệm hoặc kiến thức làm các dự án sử dụng: Ruby on Rails hoặc PHP (Laravel)\r\n\r\n• Có thể cùng giải quyết các câu hỏi khó cùng nhóm.\r\n\r\n• Không bao giờ bỏ cuộc.', 1, '2023-04-21', '2023-05-21', 10, 2);
INSERT INTO `post` (`id`, `categoryId`, `accountId`, `title`, `quantity`, `salary`, `address`, `type`, `rank`, `gen`, `description`, `rights`, `request`, `status`, `createDate`, `endDate`, `billId`, `priceId`) VALUES (2, 3, 1, 'Quản lý mạng', '', '1000000', 'Thành Phố Hồ Chí Minh', 'Toàn thời gian', 'Nhân viên', 'Không yêu cầu', '・Chi tiết công việc sẽ trao đổi trong buổi phỏng vấn.', '・Thử thách công nghệ mới', 'Phải có:\r\n\r\n_ Kĩ năng giao tiếp:\r\n\r\n• Tiếng Nhật: tương đương N3 trở lên, giao tiếp tốt.\r\n\r\n• Năng động trong giao tiếp.\r\n\r\n_ Yêu cầu kỹ thuật:\r\n\r\n• Có kinh nghiệm hoặc kiến thức làm các dự án sử dụng: Ruby on Rails hoặc PHP (Laravel)\r\n\r\n• Có thể cùng giải quyết các câu hỏi khó cùng nhóm.\r\n\r\n• Không bao giờ bỏ cuộc.', 1, '2023-05-04', '2023-06-04', 1, 2);
INSERT INTO `post` (`id`, `categoryId`, `accountId`, `title`, `quantity`, `salary`, `address`, `type`, `rank`, `gen`, `description`, `rights`, `request`, `status`, `createDate`, `endDate`, `billId`, `priceId`) VALUES (3, 4, 1, 'Quản lý hệ thống', '1', '1000000', 'Thành Phố Hồ Chí Minh', 'Hợp đồng', 'senior', 'Nữ', '・Chi tiết công việc sẽ trao đổi trong buổi phỏng vấn.', '• Working at HCM Center or HN', 'Có 2 năm kinh nghiệm', 2, '2023-05-04', '2023-06-04', 2, 2);
INSERT INTO `post` (`id`, `categoryId`, `accountId`, `title`, `quantity`, `salary`, `address`, `type`, `rank`, `gen`, `description`, `rights`, `request`, `status`, `createDate`, `endDate`, `billId`, `priceId`) VALUES (4, 2, 1, 'Fresher Developer Tiếng Nhật (Ruby On Rails ', '2', '500 - 1,700 ', ' Hồ Chí Minh: 15A Nguyễn Trung Trực, Bình Thạnh', 'Toàn thời gian', 'Nhân viên', 'Không yêu cầu', '・Tham gia các dự án công nghệ với vai trò xây dựng và phát triển các ứng dụng theo yêu cầu.\r\n\r\n・Sửa lỗi và cải thiện tính năng, tối ưu hóa hiệu suất sản phẩm.\r\n\r\n・Tham gia nghiên cứu & ứng dụng công nghệ mới vào sản phẩm.\r\n\r\n・Chi tiết công việc sẽ trao đổi trong buổi phỏng vấn.', 'Hỗ trợ mọi chi phí và thủ tục xin visa (đối với ứng viên tại Việt Nam).\r\n\r\n・Ngày nghỉ: Thứ 7, Chủ nhật, các ngày lễ của Nhật Bản\r\n\r\n・Môi trường làm việc chuyên nghiệp, ổn định lâu dài, được hỗ trợ phát huy năng lực.\r\n\r\n・Bảo hiểm xã hội ở Nhật Bản\r\n\r\n・Các khóa học của công ty, hội thảo (công nghệ, phần mềm, các buổi học) hoặc các khóa học trực tuyến\r\n\r\n・Thử thách công nghệ mới', 'Phải có:\r\n\r\n_ Kĩ năng giao tiếp:\r\n\r\n• Tiếng Nhật: tương đương N3 trở lên, giao tiếp tốt.\r\n\r\n• Năng động trong giao tiếp.\r\n\r\n_ Yêu cầu kỹ thuật:\r\n\r\n• Có kinh nghiệm hoặc kiến thức làm các dự án sử dụng: Ruby on Rails hoặc PHP (Laravel)\r\n\r\n• Có thể cùng giải quyết các câu hỏi khó cùng nhóm.\r\n\r\n• Không bao giờ bỏ cuộc.', 4, '2023-05-03', '2023-06-01', 1, 2);
INSERT INTO `post` (`id`, `categoryId`, `accountId`, `title`, `quantity`, `salary`, `address`, `type`, `rank`, `gen`, `description`, `rights`, `request`, `status`, `createDate`, `endDate`, `billId`, `priceId`) VALUES (5, 2, 1, 'Lập Trình Viên ', '2', '10000000', '- Đà Nẵng: Tầng 7, Tòa Nhà PVcomBank, Số 02, Đường 30 Tháng 4, Hải Châu', 'Toàn thời gian', 'Nhân viên', 'Nam', '- Thiết kế các phần mềm, website quản trị doanh nghiệp (ERP) cho các khách hàng của Nhật.\r\n\r\n- Thiết kế App để xây dựng mô hình BIM trong kiến trúc (Tương tự như Revit) và viết các AddOn Revit.\r\n\r\n- Thời gian làm việc từ thứ 2 đến thứ 6 (8h00 - 17h00)\r\n\r\n- Địa điểm làm việc: TP.HCM và Đà Nẵng', '- Lương khởi điểm cao: Dựa vào năng lực, kinh nghiệm\r\n\r\n- Được xét tăng lương 2 lần /năm\r\n\r\n- Các chế độ BHXH đầy đủ theo luật\r\n\r\n- Du lịch, khám sức khỏe hàng năm, Teambuilding (Picnic, đá bóng, cầu lông…)\r\n\r\n- Thưởng cuối năm', '- Có 2 năm kinh nghiệm trở lên\r\n\r\n- Có kinh nghiệm lập trình 1 trong các ngôn ngữ:\r\n\r\n1. C# MVC/ ASP.NET\r\n\r\n2. NodeJs/ ReactJs\r\n\r\n3. Python (biết sử dụng Revit là một lợi thế)\r\n\r\n- Biết lập trình Database: SQL Server', 1, '2023-05-03', '2023-06-03', 9, 2);
INSERT INTO `post` (`id`, `categoryId`, `accountId`, `title`, `quantity`, `salary`, `address`, `type`, `rank`, `gen`, `description`, `rights`, `request`, `status`, `createDate`, `endDate`, `billId`, `priceId`) VALUES (6, 4, 1, 'Emv Payment Card Junior', '2', '800 - 2,000 USD', 'Hà Nội', 'Hợp đồng', 'Nhân viên', 'Nam', '- Working time: From 8.00 am to 17.30 pm, from Monday to Friday, 5 working days a week (for lunch break from 11.30 to 13.00)\r\n\r\n- Implement host message\r\n\r\n- Encrypt/Decrypt message format.\r\n\r\n- Handle logic flow of host based on specs', '• Attractive salary based on experience level (negotiation).\r\n\r\n• Onboard opportunity\r\n\r\n•  Working directly with foreign partner/colleague\r\n\r\n• Working time flexible\r\n\r\n• Long term project (minimum 1 year)\r\n\r\n• Work an excellent working environment with friendly coworkers\r\n\r\n• Provided necessary equipment\r\n\r\n• Working at HCM Center or HN', '- Has at least 1 year experience about EMV development programing.\r\n\r\n- Contact, contactless or swipe of the following card brands: Visa, Mastercard, Amex, JCB, Union Pay, Discover.\r\n\r\n- Has at least 1 year experience in C/C++/Java/C# programing with modular code practises.\r\n\r\n- Has strong knowledge in understanding EMV L2.\r\n\r\n- Has strong knowledge in EMV terminal hardware SDKs for Ingenico, Verifone, Pax or others\r\n\r\n- Can work remote fulltime (priority) or part time but at least 30 hours/week\r\n\r\n- Has English communication skill (speak & writing)\r\n\r\n- Able to work with different person at time zone GMT +7 when required.', 3, '2023-05-03', '2023-06-03', 4, 2);
INSERT INTO `post` (`id`, `categoryId`, `accountId`, `title`, `quantity`, `salary`, `address`, `type`, `rank`, `gen`, `description`, `rights`, `request`, `status`, `createDate`, `endDate`, `billId`, `priceId`) VALUES (7, 3, 1, 'Bảo mật thông tin', '1', '16000000', 'Hà Nội', 'Toàn thời gian', 'junior', 'Không yêu cầu', '・Chi tiết công việc sẽ trao đổi trong buổi phỏng vấn.', '・Thử thách công nghệ mới', 'Có 2 năm kinh nghiệm', 2, '2023-05-04', '2023-06-04', 1, 2);
INSERT INTO `post` (`id`, `categoryId`, `accountId`, `title`, `quantity`, `salary`, `address`, `type`, `rank`, `gen`, `description`, `rights`, `request`, `status`, `createDate`, `endDate`, `billId`, `priceId`) VALUES (8, 2, 1, 'Lập trình trò chơi', '5', '16000000', 'Thành Phố Hồ Chí Minh', 'Toàn thời gian', 'junior', 'Không yêu cầu', '・Chi tiết công việc sẽ trao đổi trong buổi phỏng vấn.', '・Thử thách công nghệ mới', 'Có 2 năm kinh nghiệm', 2, '2023-05-04', '2023-06-04', 2, 2);
INSERT INTO `post` (`id`, `categoryId`, `accountId`, `title`, `quantity`, `salary`, `address`, `type`, `rank`, `gen`, `description`, `rights`, `request`, `status`, `createDate`, `endDate`, `billId`, `priceId`) VALUES (9, 2, 1, 'Lập trình phần mềm', '1', '1000000', 'Thành Phố Hồ Chí Minh', 'Toàn thời gian', 'junior', 'Nam', '・Chi tiết công việc sẽ trao đổi trong buổi phỏng vấn.', '・Thử thách công nghệ mới', 'không yêu cầu', 2, '2023-05-04', '2023-06-04', 2, 2);
INSERT INTO `post` (`id`, `categoryId`, `accountId`, `title`, `quantity`, `salary`, `address`, `type`, `rank`, `gen`, `description`, `rights`, `request`, `status`, `createDate`, `endDate`, `billId`, `priceId`) VALUES (10, 1, 1, 'Thực tập viên AI', '2', '3000000', 'Hà Nội', 'Kỳ thực tập', 'Thực tập', 'Không yêu cầu', '・Chi tiết công việc sẽ trao đổi trong buổi phỏng vấn.', '・Thử thách công nghệ mới', 'Phải có:\r\n\r\n_ Kĩ năng giao tiếp:\r\n\r\n• Tiếng Nhật: tương đương N3 trở lên, giao tiếp tốt.\r\n\r\n• Năng động trong giao tiếp.\r\n\r\n_ Yêu cầu kỹ thuật:\r\n\r\n• Có kinh nghiệm hoặc kiến thức làm các dự án sử dụng: Ruby on Rails hoặc PHP (Laravel)\r\n\r\n• Có thể cùng giải quyết các câu hỏi khó cùng nhóm.\r\n\r\nKhông yêu cầu', 2, '2023-05-10', '2023-06-10', 2, 2);
INSERT INTO `post` (`id`, `categoryId`, `accountId`, `title`, `quantity`, `salary`, `address`, `type`, `rank`, `gen`, `description`, `rights`, `request`, `status`, `createDate`, `endDate`, `billId`, `priceId`) VALUES (11, 2, 1, 'Bảo trì hệ thống', '1', '20000000', 'Hà Nội', 'Hợp đồng', 'junior', 'Nam', '・Chi tiết công việc sẽ trao đổi trong buổi phỏng vấn.', '• Working at HCM Center or HN', 'Có 2 năm kinh nghiệm', 2, '2023-05-04', '2023-06-04', 3, 2);
INSERT INTO `post` (`id`, `categoryId`, `accountId`, `title`, `quantity`, `salary`, `address`, `type`, `rank`, `gen`, `description`, `rights`, `request`, `status`, `createDate`, `endDate`, `billId`, `priceId`) VALUES (12, 1, 1, 'Lập Trình Viên AI', '3', '1000000', 'Thành Phố Hồ Chí Minh', 'Toàn thời gian', 'Nhân viên', 'Không yêu cầu', '・Chi tiết công việc sẽ trao đổi trong buổi phỏng vấn.', '• Working at HCM Center or HN', 'Phải có:\r\n\r\n_ Kĩ năng giao tiếp:\r\n\r\n• Tiếng Nhật: tương đương N3 trở lên, giao tiếp tốt.\r\n\r\n• Năng động trong giao tiếp.\r\n\r\n_ Yêu cầu kỹ thuật:\r\n\r\n• Có kinh nghiệm hoặc kiến thức làm các dự án sử dụng: Ruby on Rails hoặc PHP (Laravel)\r\n\r\n• Có thể cùng giải quyết các câu hỏi khó cùng nhóm.\r\n\r\n• Không bao giờ bỏ cuộc.', 2, '2023-04-21', '2023-05-21', 3, 2);
INSERT INTO `post` (`id`, `categoryId`, `accountId`, `title`, `quantity`, `salary`, `address`, `type`, `rank`, `gen`, `description`, `rights`, `request`, `status`, `createDate`, `endDate`, `billId`, `priceId`) VALUES (13, 5, 6, 'Big Data Scientist', '1', '25000000', 'Huế', 'Toàn thời gian', 'Junior', 'Không yêu cầu', '・Chi tiết công việc sẽ trao đổi trong buổi phỏng vấn.', 'Thưởng theo hiệu quả công việc', 'Yêu cầu kinh nghiệm', 2, '2023-05-07', '2023-06-07', 3, 2);
INSERT INTO `post` (`id`, `categoryId`, `accountId`, `title`, `quantity`, `salary`, `address`, `type`, `rank`, `gen`, `description`, `rights`, `request`, `status`, `createDate`, `endDate`, `billId`, `priceId`) VALUES (14, 1, 7, 'Lập Trình Viên AI', '3', '52000000', 'Thành Phố Hồ Chí Minh', 'Toàn thời gian', 'Nhân viên', 'Không yêu cầu', '・Chi tiết công việc sẽ trao đổi trong buổi phỏng vấn.', '• Working at HCM Center or HN', 'Có 2 năm kinh nghiệm', 2, '2023-05-15', '2023-06-15', 1, 1);
INSERT INTO `post` (`id`, `categoryId`, `accountId`, `title`, `quantity`, `salary`, `address`, `type`, `rank`, `gen`, `description`, `rights`, `request`, `status`, `createDate`, `endDate`, `billId`, `priceId`) VALUES (15, 2, 8, 'Lập Trình LOL', '1', '25000000', 'Huế', 'Toàn thời gian', 'Leader', 'Không yêu cầu', '・Chi tiết công việc sẽ trao đổi trong buổi phỏng vấn.', '- Được tham gia các hoạt động thể thao, văn nghệ của công ty.\r\n- Được tham gia các hoạt động thể thao, văn nghệ của công ty.\r\n- Được công nhận và thưởng nói riêng và tuyển dụng lại nói chung nếu có thành tích xuất sắc trong công việc.', 'Có 2 năm kinh nghiệm', 2, '2023-05-01', '2023-06-01', 1, 2);
INSERT INTO `post` (`id`, `categoryId`, `accountId`, `title`, `quantity`, `salary`, `address`, `type`, `rank`, `gen`, `description`, `rights`, `request`, `status`, `createDate`, `endDate`, `billId`, `priceId`) VALUES (16, 2, 10, 'Chuyên Viên Phát Triển Phần Mềm', '1', '1000000', 'Thành Phố Hồ Chí Minh', 'Hợp đồng', 'Nhân viên', 'Không yêu cầu', '・Chi tiết công việc sẽ trao đổi trong buổi phỏng vấn.', '- Được tham gia các hoạt động thể thao, văn nghệ của công ty.\r\n- Được tham gia các hoạt động thể thao, văn nghệ của công ty.\r\n- Được công nhận và thưởng nói riêng và tuyển dụng lại nói chung nếu có thành tích xuất sắc trong công việc.', 'Có 2 năm kinh nghiệm', 2, '2023-05-07', '2023-06-07', 4, 2);
INSERT INTO `post` (`id`, `categoryId`, `accountId`, `title`, `quantity`, `salary`, `address`, `type`, `rank`, `gen`, `description`, `rights`, `request`, `status`, `createDate`, `endDate`, `billId`, `priceId`) VALUES (17, 3, 6, 'Network Administrator', '1', '1000000', 'Thành Phố Hồ Chí Minh', 'Toàn thời gian', 'Nhân viên', 'Nữ', '・Chi tiết công việc sẽ trao đổi trong buổi phỏng vấn.', '• Working at HCM Center or HN', 'Có 2 năm kinh nghiệm', 2, '2023-04-19', '2023-05-19', 4, 2);
INSERT INTO `post` (`id`, `categoryId`, `accountId`, `title`, `quantity`, `salary`, `address`, `type`, `rank`, `gen`, `description`, `rights`, `request`, `status`, `createDate`, `endDate`, `billId`, `priceId`) VALUES (18, 3, 7, 'Network Administrator', '1', '25000000', 'Thành Phố Hồ Chí Minh', 'Toàn thời gian', 'Nhân viên', 'Không yêu cầu', '・Chi tiết công việc sẽ trao đổi trong buổi phỏng vấn.', '- Được đóng bảo hiểm đầy đủ theo quy định của pháp luật.\r\n- Được hưởng các chế độ phúc lợi như bảo hiểm sức khỏe, bảo hiểm tai nạn, phụ cấp ăn trưa...\r\n- Được đóng BHXH, BHYT, BHTN, Bảo hiểm thất nghiệp theo', 'Yêu cầu kinh nghiệm', 2, '2023-05-03', '2023-06-03', 5, 2);
INSERT INTO `post` (`id`, `categoryId`, `accountId`, `title`, `quantity`, `salary`, `address`, `type`, `rank`, `gen`, `description`, `rights`, `request`, `status`, `createDate`, `endDate`, `billId`, `priceId`) VALUES (19, 3, 8, 'Network Security Specialist', '1', '1000000', 'Huế', 'Hợp đồng', 'Junior', 'Không yêu cầu', '・Chi tiết công việc sẽ trao đổi trong buổi phỏng vấn.', '• Working at HCM Center or HN', 'Có 2 năm kinh nghiệm', 2, '2023-04-11', '2023-05-11', 5, 2);
INSERT INTO `post` (`id`, `categoryId`, `accountId`, `title`, `quantity`, `salary`, `address`, `type`, `rank`, `gen`, `description`, `rights`, `request`, `status`, `createDate`, `endDate`, `billId`, `priceId`) VALUES (20, 2, 10, 'Web Developer', '1', '25000000', 'Thành Phố Hồ Chí Minh', 'Toàn thời gian', 'Junior', 'Không yêu cầu', '・Chi tiết công việc sẽ trao đổi trong buổi phỏng vấn.', '- Được tham gia các hoạt động thể thao, văn nghệ của công ty.\r\n- Được tham gia các hoạt động thể thao, văn nghệ của công ty.\r\n- Được công nhận và thưởng nói riêng và tuyển dụng lại nói chung nếu có thành tích xuất sắc trong công việc.', 'Có 2 năm kinh nghiệm', 2, '2023-05-19', '2023-06-19', 5, 2);
INSERT INTO `post` (`id`, `categoryId`, `accountId`, `title`, `quantity`, `salary`, `address`, `type`, `rank`, `gen`, `description`, `rights`, `request`, `status`, `createDate`, `endDate`, `billId`, `priceId`) VALUES (21, 4, 7, 'IT System Engineer', '1', '1000000', 'Hà Nội', 'Toàn thời gian', 'Nhân viên', 'Nam', '・Chi tiết công việc sẽ trao đổi trong buổi phỏng vấn.', '- Được đóng bảo hiểm đầy đủ theo quy định của pháp luật.\r\n- Được hưởng các chế độ phúc lợi như bảo hiểm sức khỏe, bảo hiểm tai nạn, phụ cấp ăn trưa...\r\n- Được đóng BHXH, BHYT, BHTN, Bảo hiểm thất nghiệp theo', 'Có 2 năm kinh nghiệm', 2, '2023-05-07', '2023-06-07', 5, 2);
INSERT INTO `post` (`id`, `categoryId`, `accountId`, `title`, `quantity`, `salary`, `address`, `type`, `rank`, `gen`, `description`, `rights`, `request`, `status`, `createDate`, `endDate`, `billId`, `priceId`) VALUES (22, 2, 6, 'Chuyên Viên Phát Triển Phần Mềm', '1', '12000000', 'Thành Phố Hồ Chí Minh', 'Hợp đồng', 'Nhân viên', 'Không yêu cầu', '・Chi tiết công việc sẽ trao đổi trong buổi phỏng vấn.', 'Thưởng theo hiệu quả công việc', 'Có 2 năm kinh nghiệm', 2, '2023-05-21', '2023-06-21', 6, 2);
INSERT INTO `post` (`id`, `categoryId`, `accountId`, `title`, `quantity`, `salary`, `address`, `type`, `rank`, `gen`, `description`, `rights`, `request`, `status`, `createDate`, `endDate`, `billId`, `priceId`) VALUES (23, 4, 10, 'IT System Engineer', '1', '25000000', 'Thành Phố Hồ Chí Minh', 'Toàn thời gian', 'Junior', 'Không yêu cầu', '・Chi tiết công việc sẽ trao đổi trong buổi phỏng vấn.', '• Working at HCM Center or HN', 'Có 2 năm kinh nghiệm', 2, '2023-05-16', '2023-06-16', 6, 2);
INSERT INTO `post` (`id`, `categoryId`, `accountId`, `title`, `quantity`, `salary`, `address`, `type`, `rank`, `gen`, `description`, `rights`, `request`, `status`, `createDate`, `endDate`, `billId`, `priceId`) VALUES (24, 2, 8, 'Chuyên Viên Phát Triển Phần Mềm', '1', '9000000', 'Thành Phố Hồ Chí Minh', 'Toàn thời gian', 'Nhân viên', 'Không yêu cầu', '・Chi tiết công việc sẽ trao đổi trong buổi phỏng vấn.', '- Được tham gia các hoạt động thể thao, văn nghệ của công ty.\r\n- Được tham gia các hoạt động thể thao, văn nghệ của công ty.\r\n- Được công nhận và thưởng nói riêng và tuyển dụng lại nói chung nếu có thành tích xuất sắc trong công việc.', 'Có 2 năm kinh nghiệm', 2, '2023-05-22', '2023-06-22', 1, 2);
INSERT INTO `post` (`id`, `categoryId`, `accountId`, `title`, `quantity`, `salary`, `address`, `type`, `rank`, `gen`, `description`, `rights`, `request`, `status`, `createDate`, `endDate`, `billId`, `priceId`) VALUES (25, 3, 10, 'Network Engineer', '1', '8000000', 'Hà Nội', 'Hợp đồng', 'Junior', 'Không yêu cầu', '・Chi tiết công việc sẽ trao đổi trong buổi phỏng vấn.', '- Được đóng bảo hiểm đầy đủ theo quy định của pháp luật.\r\n- Được hưởng các chế độ phúc lợi như bảo hiểm sức khỏe, bảo hiểm tai nạn, phụ cấp ăn trưa...\r\n- Được đóng BHXH, BHYT, BHTN, Bảo hiểm thất nghiệp theo', 'Có 2 năm kinh nghiệm', 2, '2023-03-01', '2023-04-01', 1, 2);
INSERT INTO `post` (`id`, `categoryId`, `accountId`, `title`, `quantity`, `salary`, `address`, `type`, `rank`, `gen`, `description`, `rights`, `request`, `status`, `createDate`, `endDate`, `billId`, `priceId`) VALUES (26, 3, 6, 'Kỹ Sư Mạng', '1', '6000000', 'Thành Phố Hồ Chí Minh', 'Toàn thời gian', 'Leader', 'Nam', '・Chi tiết công việc sẽ trao đổi trong buổi phỏng vấn.', 'Thưởng theo hiệu quả công việc', 'Có 2 năm kinh nghiệm', 2, '2023-05-07', '2023-06-07', 1, 2);
INSERT INTO `post` (`id`, `categoryId`, `accountId`, `title`, `quantity`, `salary`, `address`, `type`, `rank`, `gen`, `description`, `rights`, `request`, `status`, `createDate`, `endDate`, `billId`, `priceId`) VALUES (27, 1, 8, ' Machine Learning Engineer', '1', '12000000', 'Thành Phố Hồ Chí Minh', 'Toàn thời gian', 'Nhân viên', 'Không yêu cầu', '・Chi tiết công việc sẽ trao đổi trong buổi phỏng vấn.', '• Working at HCM Center or HN', 'Có 2 năm kinh nghiệm', 2, '2023-04-03', '2023-05-03', 8, 2);
INSERT INTO `post` (`id`, `categoryId`, `accountId`, `title`, `quantity`, `salary`, `address`, `type`, `rank`, `gen`, `description`, `rights`, `request`, `status`, `createDate`, `endDate`, `billId`, `priceId`) VALUES (28, 5, 6, 'Big Data Analyst', '1', '25000000', 'Thành Phố Hồ Chí Minh', 'Kỳ thực tập', 'Junior', 'Không yêu cầu', '・Chi tiết công việc sẽ trao đổi trong buổi phỏng vấn.', '• Working at HCM Center or HN', 'Không yêu cầu', 2, '2023-05-22', '2023-06-22', 8, 2);
INSERT INTO `post` (`id`, `categoryId`, `accountId`, `title`, `quantity`, `salary`, `address`, `type`, `rank`, `gen`, `description`, `rights`, `request`, `status`, `createDate`, `endDate`, `billId`, `priceId`) VALUES (29, 1, 10, 'AI Programmer', '1', '9000000', 'Thành Phố Hồ Chí Minh', 'Toàn thời gian', 'Junior', 'Không yêu cầu', '・Chi tiết công việc sẽ trao đổi trong buổi phỏng vấn.', '- Được tham gia các chương trình du lịch, team building của công ty.\r\n- Được hưởng chế độ nghỉ phép, phép năm và các ngày lễ theo quy định của pháp luật và chính sách của công ty.\r\n- Được đề xuất thăng tiến trong công việc và phát triển sự nghiệp.', 'Có 2 năm kinh nghiệm', 2, '2023-05-07', '2023-06-07', 8, 2);
INSERT INTO `post` (`id`, `categoryId`, `accountId`, `title`, `quantity`, `salary`, `address`, `type`, `rank`, `gen`, `description`, `rights`, `request`, `status`, `createDate`, `endDate`, `billId`, `priceId`) VALUES (30, 4, 6, 'IT System Technical Support', '1', '9000000', 'Hà Nội', 'Kỳ thực tập', 'Junior', 'Không yêu cầu', '・Chi tiết công việc sẽ trao đổi trong buổi phỏng vấn.', 'Thưởng theo hiệu quả công việc', 'Có 2 năm kinh nghiệm', 2, '2023-05-25', '2023-06-25', 9, 2);
INSERT INTO `post` (`id`, `categoryId`, `accountId`, `title`, `quantity`, `salary`, `address`, `type`, `rank`, `gen`, `description`, `rights`, `request`, `status`, `createDate`, `endDate`, `billId`, `priceId`) VALUES (31, 2, 6, ' Software Development SpecialistL', '1', '6000000', 'Thành Phố Hồ Chí Minh', 'Toàn thời gian', 'Junior', 'Không yêu cầu', '・Chi tiết công việc sẽ trao đổi trong buổi phỏng vấn.', ' Thưởng theo hiệu quả công việc', 'Có 2 năm kinh nghiệm', 2, '2023-05-07', '2023-06-07', 9, 2);
INSERT INTO `post` (`id`, `categoryId`, `accountId`, `title`, `quantity`, `salary`, `address`, `type`, `rank`, `gen`, `description`, `rights`, `request`, `status`, `createDate`, `endDate`, `billId`, `priceId`) VALUES (32, 1, 6, 'Web Developer', '1', '25000000', 'Thành Phố Hồ Chí Minh', 'Toàn thời gian', 'Leader', 'Không yêu cầu', '・Chi tiết công việc sẽ trao đổi trong buổi phỏng vấn.', '• Working at HCM Center or HN', 'Có 2 năm kinh nghiệm', 2, '2023-02-01', '2023-03-01', 9, 2);
INSERT INTO `post` (`id`, `categoryId`, `accountId`, `title`, `quantity`, `salary`, `address`, `type`, `rank`, `gen`, `description`, `rights`, `request`, `status`, `createDate`, `endDate`, `billId`, `priceId`) VALUES (33, 4, 7, 'IT System Technical Support', '1', '15000000', 'Đà Nẵng', 'Toàn thời gian', 'senior', 'Không yêu cầu', '・Chi tiết công việc sẽ trao đổi trong buổi phỏng vấn.', '- Được tham gia các chương trình du lịch, team building của công ty.\r\n- Được hưởng chế độ nghỉ phép, phép năm và các ngày lễ theo quy định của pháp luật và chính sách của công ty.\r\n- Được đề xuất thăng tiến trong công việc và phát triển sự nghiệp.', 'Có 2 năm kinh nghiệm', 2, '2023-05-07', '2023-06-07', 9, 2);
INSERT INTO `post` (`id`, `categoryId`, `accountId`, `title`, `quantity`, `salary`, `address`, `type`, `rank`, `gen`, `description`, `rights`, `request`, `status`, `createDate`, `endDate`, `billId`, `priceId`) VALUES (34, 2, 6, 'Software Engineer', '1', '20000000', 'Thành Phố Hồ Chí Minh', 'Kỳ thực tập', 'Junior', 'Không yêu cầu', '・Chi tiết công việc sẽ trao đổi trong buổi phỏng vấn.', '• Working at HCM Center or HN', 'Không yêu cầu', 2, '2023-05-07', '2023-06-07', 9, 2);
INSERT INTO `post` (`id`, `categoryId`, `accountId`, `title`, `quantity`, `salary`, `address`, `type`, `rank`, `gen`, `description`, `rights`, `request`, `status`, `createDate`, `endDate`, `billId`, `priceId`) VALUES (35, 1, 10, 'AI Researcher', '1', '25000000', 'Thành Phố Hồ Chí Minh', 'Toàn thời gian', 'Leader', 'Không yêu cầu', '・Chi tiết công việc sẽ trao đổi trong buổi phỏng vấn.', '- Được đóng bảo hiểm đầy đủ theo quy định của pháp luật.\r\n- Được hưởng các chế độ phúc lợi như bảo hiểm sức khỏe, bảo hiểm tai nạn, phụ cấp ăn trưa...\r\n- Được đóng BHXH, BHYT, BHTN, Bảo hiểm thất nghiệp theo', 'Có 2 năm kinh nghiệm', 2, '2023-05-12', '2023-06-12', 9, 2);
INSERT INTO `post` (`id`, `categoryId`, `accountId`, `title`, `quantity`, `salary`, `address`, `type`, `rank`, `gen`, `description`, `rights`, `request`, `status`, `createDate`, `endDate`, `billId`, `priceId`) VALUES (36, 5, 6, 'Big Data Engineer', '1', '15000000', 'Huế', 'Toàn thời gian', 'Junior', 'Nam', '・Chi tiết công việc sẽ trao đổi trong buổi phỏng vấn.', ' Thưởng theo hiệu quả công việc', 'Có 2 năm kinh nghiệm', 2, '2023-05-07', '2023-06-07', 9, 2);
INSERT INTO `post` (`id`, `categoryId`, `accountId`, `title`, `quantity`, `salary`, `address`, `type`, `rank`, `gen`, `description`, `rights`, `request`, `status`, `createDate`, `endDate`, `billId`, `priceId`) VALUES (37, 3, 6, 'Network Engineer', '1', '15000000', 'Thành Phố Hồ Chí Minh', 'Toàn thời gian', 'senior', 'Không yêu cầu', '・Chi tiết công việc sẽ trao đổi trong buổi phỏng vấn.', '- Được tham gia các hoạt động thể thao, văn nghệ của công ty.\r\n- Được tham gia các hoạt động thể thao, văn nghệ của công ty.\r\n- Được công nhận và thưởng nói riêng và tuyển dụng lại nói chung nếu có thành tích xuất sắc trong công việc.', 'Có 2 năm kinh nghiệm', 2, '2023-05-07', '2023-06-07', 4, 2);
INSERT INTO `post` (`id`, `categoryId`, `accountId`, `title`, `quantity`, `salary`, `address`, `type`, `rank`, `gen`, `description`, `rights`, `request`, `status`, `createDate`, `endDate`, `billId`, `priceId`) VALUES (38, 2, 10, 'Software Engineer', '1', '25000000', 'Hà Nội', 'Toàn thời gian', 'Junior', 'Không yêu cầu', '・Chi tiết công việc sẽ trao đổi trong buổi phỏng vấn.', '- Được tham gia các chương trình du lịch, team building của công ty.\r\n- Được hưởng chế độ nghỉ phép, phép năm và các ngày lễ theo quy định của pháp luật và chính sách của công ty.\r\n- Được đề xuất thăng tiến trong công việc và phát triển sự nghiệp.', 'Có 2 năm kinh nghiệm', 2, '2023-05-07', '2023-06-07', 4, 2);
INSERT INTO `post` (`id`, `categoryId`, `accountId`, `title`, `quantity`, `salary`, `address`, `type`, `rank`, `gen`, `description`, `rights`, `request`, `status`, `createDate`, `endDate`, `billId`, `priceId`) VALUES (39, 1, 6, 'AI Researcher', '1', '25000000', 'Thành Phố Hồ Chí Minh', 'Toàn thời gian', 'Leader', 'Không yêu cầu', '・Chi tiết công việc sẽ trao đổi trong buổi phỏng vấn.', '- Được đóng bảo hiểm đầy đủ theo quy định của pháp luật.\r\n- Được hưởng các chế độ phúc lợi như bảo hiểm sức khỏe, bảo hiểm tai nạn, phụ cấp ăn trưa...\r\n- Được tham gia các chương trình du lịch, team building của công ty.\r\n- Được hưởng chế độ nghỉ phép, phép năm và các ngày lễ theo quy định của pháp luật và chính sách của công ty.\r\n- Được đề xuất thăng tiến trong công việc và phát triển sự nghiệp.', 'Có 2 năm kinh nghiệm', 2, '2023-05-17', '2023-06-17', 10, 2);
INSERT INTO `post` (`id`, `categoryId`, `accountId`, `title`, `quantity`, `salary`, `address`, `type`, `rank`, `gen`, `description`, `rights`, `request`, `status`, `createDate`, `endDate`, `billId`, `priceId`) VALUES (40, 3, 7, 'Network Security Specialist', '1', '25000000', 'Thành Phố Hồ Chí Minh', 'Toàn thời gian', 'Junior', 'Không yêu cầu', '・Chi tiết công việc sẽ trao đổi trong buổi phỏng vấn.', '- Được tham gia các chương trình du lịch, team building của công ty.\r\n- Được hưởng chế độ nghỉ phép, phép năm và các ngày lễ theo quy định của pháp luật và chính sách của công ty.\r\n- Được đề xuất thăng tiến trong công việc và phát triển sự nghiệp.', 'Có 2 năm kinh nghiệm', 2, '2023-05-07', '2023-06-07', 10, 2);
INSERT INTO `post` (`id`, `categoryId`, `accountId`, `title`, `quantity`, `salary`, `address`, `type`, `rank`, `gen`, `description`, `rights`, `request`, `status`, `createDate`, `endDate`, `billId`, `priceId`) VALUES (41, 5, 8, 'Big Data Engineer', '1', '25000000', 'Thành Phố Hồ Chí Minh', 'Toàn thời gian', 'senior', 'Không yêu cầu', '・Chi tiết công việc sẽ trao đổi trong buổi phỏng vấn.', '• Working at HCM Center or HN', 'Có 2 năm kinh nghiệm', 2, '2023-05-07', '2023-06-07', 10, 2);
INSERT INTO `post` (`id`, `categoryId`, `accountId`, `title`, `quantity`, `salary`, `address`, `type`, `rank`, `gen`, `description`, `rights`, `request`, `status`, `createDate`, `endDate`, `billId`, `priceId`) VALUES (42, 2, 6, 'AI Researcher', '1', '25000000', 'Đà Nẵng', 'Toàn thời gian', 'Junior', 'Nữ', '・Chi tiết công việc sẽ trao đổi trong buổi phỏng vấn.', '- Được đóng bảo hiểm đầy đủ theo quy định của pháp luật.\r\n- Được hưởng các chế độ phúc lợi như bảo hiểm sức khỏe, bảo hiểm tai nạn, phụ cấp ăn trưa...\r\n- Được đóng BHXH, BHYT, BHTN, Bảo hiểm thất nghiệp theo', 'Có 2 năm kinh nghiệm', 2, '2023-03-21', '2023-04-21', 10, 2);
INSERT INTO `post` (`id`, `categoryId`, `accountId`, `title`, `quantity`, `salary`, `address`, `type`, `rank`, `gen`, `description`, `rights`, `request`, `status`, `createDate`, `endDate`, `billId`, `priceId`) VALUES (43, 1, 7, ' Machine Learning Engineer', '1', '25000000', 'Thành Phố Hồ Chí Minh', 'Toàn thời gian', 'Leader', 'Không yêu cầu', '・Chi tiết công việc sẽ trao đổi trong buổi phỏng vấn.', '• Working at HCM Center or HN', 'Có 2 năm kinh nghiệm', 2, '2023-05-07', '2023-06-07', 10, 2);
INSERT INTO `post` (`id`, `categoryId`, `accountId`, `title`, `quantity`, `salary`, `address`, `type`, `rank`, `gen`, `description`, `rights`, `request`, `status`, `createDate`, `endDate`, `billId`, `priceId`) VALUES (44, 5, 8, 'Big Data Analyst', '1', '25000000', 'Đà Nẵng', 'Kỳ thực tập', 'Junior', 'Không yêu cầu', '・Chi tiết công việc sẽ trao đổi trong buổi phỏng vấn.', '- Được đóng bảo hiểm đầy đủ theo quy định của pháp luật.\r\n- Được hưởng các chế độ phúc lợi như bảo hiểm sức khỏe, bảo hiểm tai nạn, phụ cấp ăn trưa...\r\n- Được đóng BHXH, BHYT, BHTN, Bảo hiểm thất nghiệp theo', 'Không yêu cầu', 2, '2023-05-07', '2023-06-07', 11, 2);
INSERT INTO `post` (`id`, `categoryId`, `accountId`, `title`, `quantity`, `salary`, `address`, `type`, `rank`, `gen`, `description`, `rights`, `request`, `status`, `createDate`, `endDate`, `billId`, `priceId`) VALUES (45, 2, 10, ' Software Development Specialist', '1', '25000000', 'Thành Phố Hồ Chí Minh', 'Toàn thời gian', 'senior', 'Không yêu cầu', '・Chi tiết công việc sẽ trao đổi trong buổi phỏng vấn.', '• Working at HCM Center or HN', 'Có 2 năm kinh nghiệm', 3, '2023-05-07', '2023-06-07', 11, 2);
-- ------nguyen
INSERT INTO `post` (`id`, `categoryId`, `accountId`, `title`, `quantity`, `salary`, `address`, `type`, `rank`, `gen`, `description`, `rights`, `request`, `status`, `createDate`, `endDate`, `billId`, `priceId`) VALUES (51, 1, 1, 'Lập Trình Viên AI FPT', '3', '1000000', 'Thành Phố Hồ Chí Minh', 'Toàn thời gian', 'Nhân viên', 'Không yêu cầu', '・Chi tiết công việc sẽ trao đổi trong buổi phỏng vấn.', '- Thưởng cuối năm', 'Phải có:\r\n\r\n_ Kĩ năng giao tiếp:\r\n\r\n• Tiếng Nhật: tương đương N3 trở lên, giao tiếp tốt.\r\n\r\n• Năng động trong giao tiếp.\r\n\r\n_ Yêu cầu kỹ thuật:\r\n\r\n• Có kinh nghiệm hoặc kiến thức làm các dự án sử dụng: Ruby on Rails hoặc PHP (Laravel)\r\n\r\n• Có thể cùng giải quyết các câu hỏi khó cùng nhóm.\r\n\r\n• Không bao giờ bỏ cuộc.', 1, '2023-04-21', '2023-05-21', 10, 2);
INSERT INTO `post` (`id`, `categoryId`, `accountId`, `title`, `quantity`, `salary`, `address`, `type`, `rank`, `gen`, `description`, `rights`, `request`, `status`, `createDate`, `endDate`, `billId`, `priceId`) VALUES (52, 3, 1, 'Quản lý mạng FPT', '1', '1000000', 'Thành Phố Hồ Chí Minh', 'Toàn thời gian', 'Nhân viên', 'Không yêu cầu', '・Chi tiết công việc sẽ trao đổi trong buổi phỏng vấn.', '・Thử thách công nghệ mới', 'Phải có:\r\n\r\n_ Kĩ năng giao tiếp:\r\n\r\n• Tiếng Nhật: tương đương N3 trở lên, giao tiếp tốt.\r\n\r\n• Năng động trong giao tiếp.\r\n\r\n_ Yêu cầu kỹ thuật:\r\n\r\n• Có kinh nghiệm hoặc kiến thức làm các dự án sử dụng: Ruby on Rails hoặc PHP (Laravel)\r\n\r\n• Có thể cùng giải quyết các câu hỏi khó cùng nhóm.\r\n\r\n• Không bao giờ bỏ cuộc.', 1, '2023-05-04', '2023-06-04', 1, 2);
INSERT INTO `post` (`id`, `categoryId`, `accountId`, `title`, `quantity`, `salary`, `address`, `type`, `rank`, `gen`, `description`, `rights`, `request`, `status`, `createDate`, `endDate`, `billId`, `priceId`) VALUES (53, 4, 1, 'Quản lý hệ thống FPT', '1', '1000000', 'Thành Phố Hồ Chí Minh', 'Hợp đồng', 'senior', 'Nữ', '・Chi tiết công việc sẽ trao đổi trong buổi phỏng vấn.', '• Working at HCM Center or HN', 'Có 2 năm kinh nghiệm', 2, '2023-05-04', '2023-06-04', 1, 2);
INSERT INTO `post` (`id`, `categoryId`, `accountId`, `title`, `quantity`, `salary`, `address`, `type`, `rank`, `gen`, `description`, `rights`, `request`, `status`, `createDate`, `endDate`, `billId`, `priceId`) VALUES (54, 2, 1, 'Fresher Developer Tiếng Mỹ(Java On Rails) ', '2', '500 - 1,700 ', ' Hồ Chí Minh: 15A Nguyễn Trung Trực, Bình Thạnh', 'Toàn thời gian', 'Nhân viên', 'Không yêu cầu', '・Tham gia các dự án công nghệ với vai trò xây dựng và phát triển các ứng dụng theo yêu cầu.\r\n\r\n・Sửa lỗi và cải thiện tính năng, tối ưu hóa hiệu suất sản phẩm.\r\n\r\n・Tham gia nghiên cứu & ứng dụng công nghệ mới vào sản phẩm.\r\n\r\n・Chi tiết công việc sẽ trao đổi trong buổi phỏng vấn.', 'Hỗ trợ mọi chi phí và thủ tục xin visa (đối với ứng viên tại Việt Nam).\r\n\r\n・Ngày nghỉ: Thứ 7, Chủ nhật, các ngày lễ của Nhật Bản\r\n\r\n・Môi trường làm việc chuyên nghiệp, ổn định lâu dài, được hỗ trợ phát huy năng lực.\r\n\r\n・Bảo hiểm xã hội ở Nhật Bản\r\n\r\n・Các khóa học của công ty, hội thảo (công nghệ, phần mềm, các buổi học) hoặc các khóa học trực tuyến\r\n\r\n・Thử thách công nghệ mới', 'Phải có:\r\n\r\n_ Kĩ năng giao tiếp:\r\n\r\n• Tiếng Nhật: tương đương N3 trở lên, giao tiếp tốt.\r\n\r\n• Năng động trong giao tiếp.\r\n\r\n_ Yêu cầu kỹ thuật:\r\n\r\n• Có kinh nghiệm hoặc kiến thức làm các dự án sử dụng: Ruby on Rails hoặc PHP (Laravel)\r\n\r\n• Có thể cùng giải quyết các câu hỏi khó cùng nhóm.\r\n\r\n• Không bao giờ bỏ cuộc.', 4, '2023-05-03', '2023-06-01', 1, 2);
INSERT INTO `post` (`id`, `categoryId`, `accountId`, `title`, `quantity`, `salary`, `address`, `type`, `rank`, `gen`, `description`, `rights`, `request`, `status`, `createDate`, `endDate`, `billId`, `priceId`) VALUES (55, 2, 2, 'Lập Trình Viên ', '2', '10000000', '- Đà Nẵng: Tầng 7, Tòa Nhà PVcomBank, Số 02, Đường 30 Tháng 4, Hải Châu', 'Toàn thời gian', 'Nhân viên', 'Nam', '- Thiết kế các phần mềm, website quản trị doanh nghiệp (ERP) cho các khách hàng của Nhật.\r\n\r\n- Thiết kế App để xây dựng mô hình BIM trong kiến trúc (Tương tự như Revit) và viết các AddOn Revit.\r\n\r\n- Thời gian làm việc từ thứ 2 đến thứ 6 (8h00 - 17h00)\r\n\r\n- Địa điểm làm việc: TP.HCM và Đà Nẵng', '- Lương khởi điểm cao: Dựa vào năng lực, kinh nghiệm\r\n\r\n- Được xét tăng lương 2 lần /năm\r\n\r\n- Các chế độ BHXH đầy đủ theo luật\r\n\r\n- Du lịch, khám sức khỏe hàng năm, Teambuilding (Picnic, đá bóng, cầu lông…)\r\n\r\n- Thưởng cuối năm', '- Có 2 năm kinh nghiệm trở lên\r\n\r\n- Có kinh nghiệm lập trình 1 trong các ngôn ngữ:\r\n\r\n1. C# MVC/ ASP.NET\r\n\r\n2. NodeJs/ ReactJs\r\n\r\n3. Python (biết sử dụng Revit là một lợi thế)\r\n\r\n- Biết lập trình Database: SQL Server', 1, '2023-05-03', '2023-06-03', 9, 2);
INSERT INTO `post` (`id`, `categoryId`, `accountId`, `title`, `quantity`, `salary`, `address`, `type`, `rank`, `gen`, `description`, `rights`, `request`, `status`, `createDate`, `endDate`, `billId`, `priceId`) VALUES (56, 4, 1, 'Testter', '1', '800 - 2,000 USD', 'Hà Nội', 'Hợp đồng', 'Nhân viên', 'Nam', '- Working time: From 8.00 am to 17.30 pm, from Monday to Friday, 5 working days a week (for lunch break from 11.30 to 13.00)\r\n\r\n- Implement host message\r\n\r\n- Encrypt/Decrypt message format.\r\n\r\n- Handle logic flow of host based on specs', '• Attractive salary based on experience level (negotiation).\r\n\r\n• Onboard opportunity\r\n\r\n•  Working directly with foreign partner/colleague\r\n\r\n• Working time flexible\r\n\r\n• Long term project (minimum 1 year)\r\n\r\n• Work an excellent working environment with friendly coworkers\r\n\r\n• Provided necessary equipment\r\n\r\n• Working at HCM Center or HN', '- Has at least 1 year experience about EMV development programing.\r\n\r\n- Contact, contactless or swipe of the following card brands: Visa, Mastercard, Amex, JCB, Union Pay, Discover.\r\n\r\n- Has at least 1 year experience in C/C++/Java/C# programing with modular code practises.\r\n\r\n- Has strong knowledge in understanding EMV L2.\r\n\r\n- Has strong knowledge in EMV terminal hardware SDKs for Ingenico, Verifone, Pax or others\r\n\r\n- Can work remote fulltime (priority) or part time but at least 30 hours/week\r\n\r\n- Has English communication skill (speak & writing)\r\n\r\n- Able to work with different person at time zone GMT +7 when required.', 3, '2023-05-03', '2023-06-03', 4, 2);
INSERT INTO `post` (`id`, `categoryId`, `accountId`, `title`, `quantity`, `salary`, `address`, `type`, `rank`, `gen`, `description`, `rights`, `request`, `status`, `createDate`, `endDate`, `billId`, `priceId`) VALUES (57, 3, 1, 'Bảo mật thông tin FPT', '1', '16000000', 'Hà Nội', 'Toàn thời gian', 'junior', 'Không yêu cầu', '・Chi tiết công việc sẽ trao đổi trong buổi phỏng vấn.', '・Thử thách công nghệ mới', 'Có 2 năm kinh nghiệm', 2, '2023-05-04', '2023-06-04', 1, 2);
INSERT INTO `post` (`id`, `categoryId`, `accountId`, `title`, `quantity`, `salary`, `address`, `type`, `rank`, `gen`, `description`, `rights`, `request`, `status`, `createDate`, `endDate`, `billId`, `priceId`) VALUES (58, 2, 1, 'Lập trình trò chơi FPT', '5', '16000000', 'Thành Phố Hồ Chí Minh', 'Toàn thời gian', 'junior', 'Không yêu cầu', '・Chi tiết công việc sẽ trao đổi trong buổi phỏng vấn.', '・Thử thách công nghệ mới', 'Có 2 năm kinh nghiệm', 2, '2023-05-04', '2023-06-04', 2, 2);
INSERT INTO `post` (`id`, `categoryId`, `accountId`, `title`, `quantity`, `salary`, `address`, `type`, `rank`, `gen`, `description`, `rights`, `request`, `status`, `createDate`, `endDate`, `billId`, `priceId`) VALUES (59, 2, 4, 'Lập trình phần mềm FPT', '1', '1000000', 'Thành Phố Hồ Chí Minh', 'Toàn thời gian', 'junior', 'Nam', '・Chi tiết công việc sẽ trao đổi trong buổi phỏng vấn.', '・Thử thách công nghệ mới', 'không yêu cầu', 2, '2023-05-04', '2023-06-04', 2, 2);
INSERT INTO `post` (`id`, `categoryId`, `accountId`, `title`, `quantity`, `salary`, `address`, `type`, `rank`, `gen`, `description`, `rights`, `request`, `status`, `createDate`, `endDate`, `billId`, `priceId`) VALUES (60, 1, 1, 'Thực tập viên AI FPT', '2', '3000000', 'Hà Nội', 'Kỳ thực tập', 'Thực tập', 'Không yêu cầu', '・Chi tiết công việc sẽ trao đổi trong buổi phỏng vấn.', '・Thử thách công nghệ mới', 'Phải có:\r\n\r\n_ Kĩ năng giao tiếp:\r\n\r\n• Tiếng Nhật: tương đương N3 trở lên, giao tiếp tốt.\r\n\r\n• Năng động trong giao tiếp.\r\n\r\n_ Yêu cầu kỹ thuật:\r\n\r\n• Có kinh nghiệm hoặc kiến thức làm các dự án sử dụng: Ruby on Rails hoặc PHP (Laravel)\r\n\r\n• Có thể cùng giải quyết các câu hỏi khó cùng nhóm.\r\n\r\nKhông yêu cầu', 2, '2023-05-10', '2023-06-10', 2, 2);
INSERT INTO `post` (`id`, `categoryId`, `accountId`, `title`, `quantity`, `salary`, `address`, `type`, `rank`, `gen`, `description`, `rights`, `request`, `status`, `createDate`, `endDate`, `billId`, `priceId`) VALUES (61, 2, 1, 'Bảo trì hệ thống FPT', '1', '20000000', 'Hà Nội', 'Hợp đồng', 'junior', 'Nam', '・Chi tiết công việc sẽ trao đổi trong buổi phỏng vấn.', '• Working at HCM Center or HN', 'Có 2 năm kinh nghiệm', 2, '2023-05-04', '2023-06-04', 3, 2);
INSERT INTO `post` (`id`, `categoryId`, `accountId`, `title`, `quantity`, `salary`, `address`, `type`, `rank`, `gen`, `description`, `rights`, `request`, `status`, `createDate`, `endDate`, `billId`, `priceId`) VALUES (62, 1, 1, 'Lập Trình Viên AI (python)', '3', '1000000', 'Thành Phố Hồ Chí Minh', 'Toàn thời gian', 'Nhân viên', 'Không yêu cầu', '・Chi tiết công việc sẽ trao đổi trong buổi phỏng vấn.', '• Working at HCM Center or HN', 'Phải có:\r\n\r\n_ Kĩ năng giao tiếp:\r\n\r\n• Tiếng Nhật: tương đương N3 trở lên, giao tiếp tốt.\r\n\r\n• Năng động trong giao tiếp.\r\n\r\n_ Yêu cầu kỹ thuật:\r\n\r\n• Có kinh nghiệm hoặc kiến thức làm các dự án sử dụng: Ruby on Rails hoặc PHP (Laravel)\r\n\r\n• Có thể cùng giải quyết các câu hỏi khó cùng nhóm.\r\n\r\n• Không bao giờ bỏ cuộc.', 2, '2023-04-21', '2023-05-21', 3, 2);
INSERT INTO `post` (`id`, `categoryId`, `accountId`, `title`, `quantity`, `salary`, `address`, `type`, `rank`, `gen`, `description`, `rights`, `request`, `status`, `createDate`, `endDate`, `billId`, `priceId`) VALUES (63, 5, 6, 'Big Data Scientist FPT', '1', '25000000', 'Huế', 'Toàn thời gian', 'Junior', 'Không yêu cầu', '・Chi tiết công việc sẽ trao đổi trong buổi phỏng vấn.', 'Thưởng theo hiệu quả công việc', 'Yêu cầu kinh nghiệm', 2, '2023-05-07', '2023-06-07', 3, 2);
INSERT INTO `post` (`id`, `categoryId`, `accountId`, `title`, `quantity`, `salary`, `address`, `type`, `rank`, `gen`, `description`, `rights`, `request`, `status`, `createDate`, `endDate`, `billId`, `priceId`) VALUES (64, 1, 7, 'Lập Trình Viên AI (JAVA)', '3', '52000000', 'Thành Phố Hồ Chí Minh', 'Toàn thời gian', 'Nhân viên', 'Không yêu cầu', '・Chi tiết công việc sẽ trao đổi trong buổi phỏng vấn.', '• Working at HCM Center or HN', 'Có 2 năm kinh nghiệm', 2, '2023-05-15', '2023-06-15', 1, 1);
INSERT INTO `post` (`id`, `categoryId`, `accountId`, `title`, `quantity`, `salary`, `address`, `type`, `rank`, `gen`, `description`, `rights`, `request`, `status`, `createDate`, `endDate`, `billId`, `priceId`) VALUES (65, 2, 8, 'Lập Trình Nhúng', '1', '25000000', 'Huế', 'Toàn thời gian', 'Leader', 'Không yêu cầu', '・Chi tiết công việc sẽ trao đổi trong buổi phỏng vấn.', '- Được tham gia các hoạt động thể thao, văn nghệ của công ty.\r\n- Được tham gia các hoạt động thể thao, văn nghệ của công ty.\r\n- Được công nhận và thưởng nói riêng và tuyển dụng lại nói chung nếu có thành tích xuất sắc trong công việc.', 'Có 2 năm kinh nghiệm', 2, '2023-05-01', '2023-06-01', 1, 2);
INSERT INTO `post` (`id`, `categoryId`, `accountId`, `title`, `quantity`, `salary`, `address`, `type`, `rank`, `gen`, `description`, `rights`, `request`, `status`, `createDate`, `endDate`, `billId`, `priceId`) VALUES (66, 2, 10, 'Chuyên Viên Phát Triển Phần Mềm 2', '1', '1000000', 'Thành Phố Hồ Chí Minh', 'Hợp đồng', 'Nhân viên', 'Không yêu cầu', '・Chi tiết công việc sẽ trao đổi trong buổi phỏng vấn.', '- Được tham gia các hoạt động thể thao, văn nghệ của công ty.\r\n- Được tham gia các hoạt động thể thao, văn nghệ của công ty.\r\n- Được công nhận và thưởng nói riêng và tuyển dụng lại nói chung nếu có thành tích xuất sắc trong công việc.', 'Có 2 năm kinh nghiệm', 2, '2023-05-07', '2023-06-07', 4, 2);
INSERT INTO `post` (`id`, `categoryId`, `accountId`, `title`, `quantity`, `salary`, `address`, `type`, `rank`, `gen`, `description`, `rights`, `request`, `status`, `createDate`, `endDate`, `billId`, `priceId`) VALUES (67, 3, 6, 'Network','6', '1000000', 'Thành Phố Hồ Chí Minh', 'Toàn thời gian', 'Nhân viên', 'Nữ', '・Chi tiết công việc sẽ trao đổi trong buổi phỏng vấn.', '• Working at HCM Center or HN', 'Có 2 năm kinh nghiệm', 2, '2023-04-19', '2023-05-19', 4, 2);
INSERT INTO `post` (`id`, `categoryId`, `accountId`, `title`, `quantity`, `salary`, `address`, `type`, `rank`, `gen`, `description`, `rights`, `request`, `status`, `createDate`, `endDate`, `billId`, `priceId`) VALUES (68, 3, 7, 'Network Administrator', '6', '2700000', 'Thành Phố Hồ Chí Minh', 'Toàn thời gian', 'Nhân viên', 'Không yêu cầu', '・Chi tiết công việc sẽ trao đổi trong buổi phỏng vấn.', '- Được đóng bảo hiểm đầy đủ theo quy định của pháp luật.\r\n- Được hưởng các chế độ phúc lợi như bảo hiểm sức khỏe, bảo hiểm tai nạn, phụ cấp ăn trưa...\r\n- Được đóng BHXH, BHYT, BHTN, Bảo hiểm thất nghiệp theo', 'Yêu cầu kinh nghiệm', 2, '2023-05-03', '2023-06-03', 5, 2);
INSERT INTO `post` (`id`, `categoryId`, `accountId`, `title`, `quantity`, `salary`, `address`, `type`, `rank`, `gen`, `description`, `rights`, `request`, `status`, `createDate`, `endDate`, `billId`, `priceId`) VALUES (69, 3, 8, 'Network Security Specialist', '7', '1000000', 'Huế', 'Hợp đồng', 'Junior', 'Không yêu cầu', '・Chi tiết công việc sẽ trao đổi trong buổi phỏng vấn.', '• Working at HCM Center or HN', 'Có 2 năm kinh nghiệm', 2, '2023-04-11', '2023-05-11', 5, 2);
INSERT INTO `post` (`id`, `categoryId`, `accountId`, `title`, `quantity`, `salary`, `address`, `type`, `rank`, `gen`, `description`, `rights`, `request`, `status`, `createDate`, `endDate`, `billId`, `priceId`) VALUES (70, 2, 10, 'Web Developer', '2', '25000000', 'Thành Phố Hồ Chí Minh', 'Toàn thời gian', 'Junior', 'Không yêu cầu', '・Chi tiết công việc sẽ trao đổi trong buổi phỏng vấn.', '- Được tham gia các hoạt động thể thao, văn nghệ của công ty.\r\n- Được tham gia các hoạt động thể thao, văn nghệ của công ty.\r\n- Được công nhận và thưởng nói riêng và tuyển dụng lại nói chung nếu có thành tích xuất sắc trong công việc.', 'Có 2 năm kinh nghiệm', 2, '2023-05-19', '2023-06-19', 5, 2);
INSERT INTO `post` (`id`, `categoryId`, `accountId`, `title`, `quantity`, `salary`, `address`, `type`, `rank`, `gen`, `description`, `rights`, `request`, `status`, `createDate`, `endDate`, `billId`, `priceId`) VALUES (71, 4, 7, 'IT System Engineer', '4', '1000000', 'Hà Nội', 'Toàn thời gian', 'Nhân viên', 'Nam', '・Chi tiết công việc sẽ trao đổi trong buổi phỏng vấn.', '- Được đóng bảo hiểm đầy đủ theo quy định của pháp luật.\r\n- Được hưởng các chế độ phúc lợi như bảo hiểm sức khỏe, bảo hiểm tai nạn, phụ cấp ăn trưa...\r\n- Được đóng BHXH, BHYT, BHTN, Bảo hiểm thất nghiệp theo', 'Có 2 năm kinh nghiệm', 2, '2023-05-07', '2023-06-07', 5, 2);
INSERT INTO `post` (`id`, `categoryId`, `accountId`, `title`, `quantity`, `salary`, `address`, `type`, `rank`, `gen`, `description`, `rights`, `request`, `status`, `createDate`, `endDate`, `billId`, `priceId`) VALUES (72, 2, 6, 'Chuyên Viên Phát Triển Phần Mềm', '14', '12000000', 'Thành Phố Hồ Chí Minh', 'Hợp đồng', 'Nhân viên', 'Không yêu cầu', '・Chi tiết công việc sẽ trao đổi trong buổi phỏng vấn.', 'Thưởng theo hiệu quả công việc', 'Có 2 năm kinh nghiệm', 2, '2023-05-21', '2023-06-21', 6, 2);
INSERT INTO `post` (`id`, `categoryId`, `accountId`, `title`, `quantity`, `salary`, `address`, `type`, `rank`, `gen`, `description`, `rights`, `request`, `status`, `createDate`, `endDate`, `billId`, `priceId`) VALUES (73, 4, 10, 'Engineer', '4', '25000000', 'Thành Phố Hồ Chí Minh', 'Toàn thời gian', 'Junior', 'Không yêu cầu', '・Chi tiết công việc sẽ trao đổi trong buổi phỏng vấn.', '• Working at HCM Center or HN', 'Có 2 năm kinh nghiệm', 2, '2023-05-16', '2023-06-16', 6, 2);
INSERT INTO `post` (`id`, `categoryId`, `accountId`, `title`, `quantity`, `salary`, `address`, `type`, `rank`, `gen`, `description`, `rights`, `request`, `status`, `createDate`, `endDate`, `billId`, `priceId`) VALUES (74, 2, 8, 'Chuyên Viên Phát Triển Phần Mềm', '5', '9000000', 'Thành Phố Hồ Chí Minh', 'Toàn thời gian', 'Nhân viên', 'Không yêu cầu', '・Chi tiết công việc sẽ trao đổi trong buổi phỏng vấn.', '- Được tham gia các hoạt động thể thao, văn nghệ của công ty.\r\n- Được tham gia các hoạt động thể thao, văn nghệ của công ty.\r\n- Được công nhận và thưởng nói riêng và tuyển dụng lại nói chung nếu có thành tích xuất sắc trong công việc.', 'Có 2 năm kinh nghiệm', 2, '2023-05-22', '2023-06-22', 1, 2);
INSERT INTO `post` (`id`, `categoryId`, `accountId`, `title`, `quantity`, `salary`, `address`, `type`, `rank`, `gen`, `description`, `rights`, `request`, `status`, `createDate`, `endDate`, `billId`, `priceId`) VALUES (75, 3, 10, 'Network Engineer', '8', '8000000', 'Hà Nội', 'Hợp đồng', 'Junior', 'Không yêu cầu', '・Chi tiết công việc sẽ trao đổi trong buổi phỏng vấn.', '- Được đóng bảo hiểm đầy đủ theo quy định của pháp luật.\r\n- Được hưởng các chế độ phúc lợi như bảo hiểm sức khỏe, bảo hiểm tai nạn, phụ cấp ăn trưa...\r\n- Được đóng BHXH, BHYT, BHTN, Bảo hiểm thất nghiệp theo', 'Có 2 năm kinh nghiệm', 2, '2023-03-01', '2023-04-01', 1, 2);
INSERT INTO `post` (`id`, `categoryId`, `accountId`, `title`, `quantity`, `salary`, `address`, `type`, `rank`, `gen`, `description`, `rights`, `request`, `status`, `createDate`, `endDate`, `billId`, `priceId`) VALUES (76, 3, 6, 'Kỹ Sư Mạng', '2', '6000000', 'Thành Phố Hồ Chí Minh', 'Toàn thời gian', 'Leader', 'Nam', '・Chi tiết công việc sẽ trao đổi trong buổi phỏng vấn.', 'Thưởng theo hiệu quả công việc', 'Có 2 năm kinh nghiệm', 2, '2023-05-07', '2023-06-07', 1, 2);
INSERT INTO `post` (`id`, `categoryId`, `accountId`, `title`, `quantity`, `salary`, `address`, `type`, `rank`, `gen`, `description`, `rights`, `request`, `status`, `createDate`, `endDate`, `billId`, `priceId`) VALUES (77, 1, 8, ' Machine Learning Engineer', '4', '12000000', 'Thành Phố Hồ Chí Minh', 'Toàn thời gian', 'Nhân viên', 'Không yêu cầu', '・Chi tiết công việc sẽ trao đổi trong buổi phỏng vấn.', '• Working at HCM Center or HN', 'Có 2 năm kinh nghiệm', 2, '2023-04-03', '2023-05-03', 8, 2);
INSERT INTO `post` (`id`, `categoryId`, `accountId`, `title`, `quantity`, `salary`, `address`, `type`, `rank`, `gen`, `description`, `rights`, `request`, `status`, `createDate`, `endDate`, `billId`, `priceId`) VALUES (78, 5, 6, 'Big Data Analyst', '5', '25000000', 'Thành Phố Hồ Chí Minh', 'Kỳ thực tập', 'Junior', 'Không yêu cầu', '・Chi tiết công việc sẽ trao đổi trong buổi phỏng vấn.', '• Working at HCM Center or HN', 'Không yêu cầu', 2, '2023-05-22', '2023-06-22', 8, 2);
INSERT INTO `post` (`id`, `categoryId`, `accountId`, `title`, `quantity`, `salary`, `address`, `type`, `rank`, `gen`, `description`, `rights`, `request`, `status`, `createDate`, `endDate`, `billId`, `priceId`) VALUES (79, 1, 10, 'AI Programmer', '5', '9000000', 'Thành Phố Hồ Chí Minh', 'Toàn thời gian', 'Junior', 'Không yêu cầu', '・Chi tiết công việc sẽ trao đổi trong buổi phỏng vấn.', '- Được tham gia các chương trình du lịch, team building của công ty.\r\n- Được hưởng chế độ nghỉ phép, phép năm và các ngày lễ theo quy định của pháp luật và chính sách của công ty.\r\n- Được đề xuất thăng tiến trong công việc và phát triển sự nghiệp.', 'Có 2 năm kinh nghiệm', 2, '2023-05-07', '2023-06-07', 8, 2);
INSERT INTO `post` (`id`, `categoryId`, `accountId`, `title`, `quantity`, `salary`, `address`, `type`, `rank`, `gen`, `description`, `rights`, `request`, `status`, `createDate`, `endDate`, `billId`, `priceId`) VALUES (80, 4, 6, 'IT System Technical Support', '9', '9000000', 'Hà Nội', 'Kỳ thực tập', 'Junior', 'Không yêu cầu', '・Chi tiết công việc sẽ trao đổi trong buổi phỏng vấn.', 'Thưởng theo hiệu quả công việc', 'Có 2 năm kinh nghiệm', 2, '2023-05-25', '2023-06-25', 9, 2);
INSERT INTO `post` (`id`, `categoryId`, `accountId`, `title`, `quantity`, `salary`, `address`, `type`, `rank`, `gen`, `description`, `rights`, `request`, `status`, `createDate`, `endDate`, `billId`, `priceId`) VALUES (81, 2, 6, ' Software Development SpecialistL', '3', '6000000', 'Thành Phố Hồ Chí Minh', 'Toàn thời gian', 'Junior', 'Không yêu cầu', '・Chi tiết công việc sẽ trao đổi trong buổi phỏng vấn.', ' Thưởng theo hiệu quả công việc', 'Có 2 năm kinh nghiệm', 2, '2023-05-07', '2023-06-07', 9, 2);
INSERT INTO `post` (`id`, `categoryId`, `accountId`, `title`, `quantity`, `salary`, `address`, `type`, `rank`, `gen`, `description`, `rights`, `request`, `status`, `createDate`, `endDate`, `billId`, `priceId`) VALUES (82, 1, 6, 'Web Developer JSP/Servelet', '1', '25000000', 'Thành Phố Hồ Chí Minh', 'Toàn thời gian', 'Leader', 'Không yêu cầu', '・Chi tiết công việc sẽ trao đổi trong buổi phỏng vấn.', '• Working at HCM Center or HN', 'Có 2 năm kinh nghiệm', 2, '2023-02-01', '2023-03-01', 9, 2);
INSERT INTO `post` (`id`, `categoryId`, `accountId`, `title`, `quantity`, `salary`, `address`, `type`, `rank`, `gen`, `description`, `rights`, `request`, `status`, `createDate`, `endDate`, `billId`, `priceId`) VALUES (83, 4, 7, 'IT System Technical Support', '2', '15000000', 'Đà Nẵng', 'Toàn thời gian', 'senior', 'Không yêu cầu', '・Chi tiết công việc sẽ trao đổi trong buổi phỏng vấn.', '- Được tham gia các chương trình du lịch, team building của công ty.\r\n- Được hưởng chế độ nghỉ phép, phép năm và các ngày lễ theo quy định của pháp luật và chính sách của công ty.\r\n- Được đề xuất thăng tiến trong công việc và phát triển sự nghiệp.', 'Có 2 năm kinh nghiệm', 2, '2023-05-07', '2023-06-07', 9, 2);
INSERT INTO `post` (`id`, `categoryId`, `accountId`, `title`, `quantity`, `salary`, `address`, `type`, `rank`, `gen`, `description`, `rights`, `request`, `status`, `createDate`, `endDate`, `billId`, `priceId`) VALUES (84, 2, 6, 'Software Engineer', '5', '20000000', 'Thành Phố Hồ Chí Minh', 'Kỳ thực tập', 'Junior', 'Không yêu cầu', '・Chi tiết công việc sẽ trao đổi trong buổi phỏng vấn.', '• Working at HCM Center or HN', 'Không yêu cầu', 2, '2023-05-07', '2023-06-07', 9, 2);
INSERT INTO `post` (`id`, `categoryId`, `accountId`, `title`, `quantity`, `salary`, `address`, `type`, `rank`, `gen`, `description`, `rights`, `request`, `status`, `createDate`, `endDate`, `billId`, `priceId`) VALUES (85, 1, 10, 'AI Researcher', '7', '25000000', 'Thành Phố Hồ Chí Minh', 'Toàn thời gian', 'Leader', 'Không yêu cầu', '・Chi tiết công việc sẽ trao đổi trong buổi phỏng vấn.', '- Được đóng bảo hiểm đầy đủ theo quy định của pháp luật.\r\n- Được hưởng các chế độ phúc lợi như bảo hiểm sức khỏe, bảo hiểm tai nạn, phụ cấp ăn trưa...\r\n- Được đóng BHXH, BHYT, BHTN, Bảo hiểm thất nghiệp theo', 'Có 2 năm kinh nghiệm', 2, '2023-05-12', '2023-06-12', 9, 2);
INSERT INTO `post` (`id`, `categoryId`, `accountId`, `title`, `quantity`, `salary`, `address`, `type`, `rank`, `gen`, `description`, `rights`, `request`, `status`, `createDate`, `endDate`, `billId`, `priceId`) VALUES (86, 5, 6, 'Big Data Engineer', '1', '15000000', 'Huế', 'Toàn thời gian', 'Junior', 'Nam', '・Chi tiết công việc sẽ trao đổi trong buổi phỏng vấn.', ' Thưởng theo hiệu quả công việc', 'Có 2 năm kinh nghiệm', 2, '2023-05-07', '2023-06-07', 9, 2);
INSERT INTO `post` (`id`, `categoryId`, `accountId`, `title`, `quantity`, `salary`, `address`, `type`, `rank`, `gen`, `description`, `rights`, `request`, `status`, `createDate`, `endDate`, `billId`, `priceId`) VALUES (87, 3, 6, 'Network Engineer', '1', '15000000', 'Thành Phố Hồ Chí Minh', 'Toàn thời gian', 'senior', 'Không yêu cầu', '・Chi tiết công việc sẽ trao đổi trong buổi phỏng vấn.', '- Được tham gia các hoạt động thể thao, văn nghệ của công ty.\r\n- Được tham gia các hoạt động thể thao, văn nghệ của công ty.\r\n- Được công nhận và thưởng nói riêng và tuyển dụng lại nói chung nếu có thành tích xuất sắc trong công việc.', 'Có 2 năm kinh nghiệm', 2, '2023-05-07', '2023-06-07', 4, 2);
INSERT INTO `post` (`id`, `categoryId`, `accountId`, `title`, `quantity`, `salary`, `address`, `type`, `rank`, `gen`, `description`, `rights`, `request`, `status`, `createDate`, `endDate`, `billId`, `priceId`) VALUES (88, 2, 10, 'Software Engineer', '1', '25000000', 'Hà Nội', 'Toàn thời gian', 'Junior', 'Không yêu cầu', '・Chi tiết công việc sẽ trao đổi trong buổi phỏng vấn.', '- Được tham gia các chương trình du lịch, team building của công ty.\r\n- Được hưởng chế độ nghỉ phép, phép năm và các ngày lễ theo quy định của pháp luật và chính sách của công ty.\r\n- Được đề xuất thăng tiến trong công việc và phát triển sự nghiệp.', 'Có 2 năm kinh nghiệm', 2, '2023-05-07', '2023-06-07', 4, 2);
INSERT INTO `post` (`id`, `categoryId`, `accountId`, `title`, `quantity`, `salary`, `address`, `type`, `rank`, `gen`, `description`, `rights`, `request`, `status`, `createDate`, `endDate`, `billId`, `priceId`) VALUES (89, 1, 6, 'AI Researcher', '1', '25000000', 'Thành Phố Hồ Chí Minh', 'Toàn thời gian', 'Leader', 'Không yêu cầu', '・Chi tiết công việc sẽ trao đổi trong buổi phỏng vấn.', '- Được đóng bảo hiểm đầy đủ theo quy định của pháp luật.\r\n- Được hưởng các chế độ phúc lợi như bảo hiểm sức khỏe, bảo hiểm tai nạn, phụ cấp ăn trưa...\r\n- Được tham gia các chương trình du lịch, team building của công ty.\r\n- Được hưởng chế độ nghỉ phép, phép năm và các ngày lễ theo quy định của pháp luật và chính sách của công ty.\r\n- Được đề xuất thăng tiến trong công việc và phát triển sự nghiệp.', 'Có 2 năm kinh nghiệm', 2, '2023-05-17', '2023-06-17', 10, 2);
INSERT INTO `post` (`id`, `categoryId`, `accountId`, `title`, `quantity`, `salary`, `address`, `type`, `rank`, `gen`, `description`, `rights`, `request`, `status`, `createDate`, `endDate`, `billId`, `priceId`) VALUES (90, 3, 7, 'Network Security Specialist', '1', '25000000', 'Thành Phố Hồ Chí Minh', 'Toàn thời gian', 'Junior', 'Không yêu cầu', '・Chi tiết công việc sẽ trao đổi trong buổi phỏng vấn.', '- Được tham gia các chương trình du lịch, team building của công ty.\r\n- Được hưởng chế độ nghỉ phép, phép năm và các ngày lễ theo quy định của pháp luật và chính sách của công ty.\r\n- Được đề xuất thăng tiến trong công việc và phát triển sự nghiệp.', 'Có 2 năm kinh nghiệm', 2, '2023-05-07', '2023-06-07', 10, 2);
INSERT INTO `post` (`id`, `categoryId`, `accountId`, `title`, `quantity`, `salary`, `address`, `type`, `rank`, `gen`, `description`, `rights`, `request`, `status`, `createDate`, `endDate`, `billId`, `priceId`) VALUES (91, 5, 8, 'Big Data Engineer', '1', '25000000', 'Thành Phố Hồ Chí Minh', 'Bán thời gian', 'senior', 'Không yêu cầu', '・Chi tiết công việc sẽ trao đổi trong buổi phỏng vấn.', '• Working at HCM Center or HN', 'Có 2 năm kinh nghiệm', 2, '2023-05-07', '2023-06-07', 10, 2);
INSERT INTO `post` (`id`, `categoryId`, `accountId`, `title`, `quantity`, `salary`, `address`, `type`, `rank`, `gen`, `description`, `rights`, `request`, `status`, `createDate`, `endDate`, `billId`, `priceId`) VALUES (92, 2, 6, 'AI Researcher', '1', '25000000', 'Đà Nẵng', 'Bán thời gian', 'Junior', 'Nữ', '・Chi tiết công việc sẽ trao đổi trong buổi phỏng vấn.', '- Được đóng bảo hiểm đầy đủ theo quy định của pháp luật.\r\n- Được hưởng các chế độ phúc lợi như bảo hiểm sức khỏe, bảo hiểm tai nạn, phụ cấp ăn trưa...\r\n- Được đóng BHXH, BHYT, BHTN, Bảo hiểm thất nghiệp theo', 'Có 2 năm kinh nghiệm', 2, '2023-03-21', '2023-04-21', 10, 2);
INSERT INTO `post` (`id`, `categoryId`, `accountId`, `title`, `quantity`, `salary`, `address`, `type`, `rank`, `gen`, `description`, `rights`, `request`, `status`, `createDate`, `endDate`, `billId`, `priceId`) VALUES (93, 1, 7, ' Machine Learning Engineer', '1', '25000000', 'Thành Phố Hồ Chí Minh', 'Bán thời gian', 'Leader', 'Không yêu cầu', '・Chi tiết công việc sẽ trao đổi trong buổi phỏng vấn.', '• Working at HCM Center or HN', 'Có 2 năm kinh nghiệm', 2, '2023-05-07', '2023-06-07', 10, 2);
INSERT INTO `post` (`id`, `categoryId`, `accountId`, `title`, `quantity`, `salary`, `address`, `type`, `rank`, `gen`, `description`, `rights`, `request`, `status`, `createDate`, `endDate`, `billId`, `priceId`) VALUES (94, 5, 8, 'Big Data Analyst', '1', '25000000', 'Đà Nẵng', 'Kỳ thực tập', 'Junior', 'Không yêu cầu', '・Chi tiết công việc sẽ trao đổi trong buổi phỏng vấn.', '- Được đóng bảo hiểm đầy đủ theo quy định của pháp luật.\r\n- Được hưởng các chế độ phúc lợi như bảo hiểm sức khỏe, bảo hiểm tai nạn, phụ cấp ăn trưa...\r\n- Được đóng BHXH, BHYT, BHTN, Bảo hiểm thất nghiệp theo', 'Không yêu cầu', 2, '2023-05-07', '2023-06-07', 11, 2);
INSERT INTO `post` (`id`, `categoryId`, `accountId`, `title`, `quantity`, `salary`, `address`, `type`, `rank`, `gen`, `description`, `rights`, `request`, `status`, `createDate`, `endDate`, `billId`, `priceId`) VALUES (95, 2, 10, ' Software Development Specialist', '1', '25000000', 'Thành Phố Hồ Chí Minh', 'Toàn thời gian', 'senior', 'Không yêu cầu', '・Chi tiết công việc sẽ trao đổi trong buổi phỏng vấn.', '• Working at HCM Center or HN', 'Có 2 năm kinh nghiệm', 3, '2023-05-07', '2023-06-07', 11, 2);
INSERT INTO `post` (`id`, `categoryId`, `accountId`, `title`, `quantity`, `salary`, `address`, `type`, `rank`, `gen`, `description`, `rights`, `request`, `status`, `createDate`, `endDate`, `billId`, `priceId`) VALUES (96, 2, 9, ' BA', '4', '25000000', 'Thành Phố Hồ Chí Minh', 'Kỳ thực tập', 'senior', 'Không yêu cầu', '・Chi tiết công việc sẽ trao đổi trong buổi phỏng vấn.', '• Working at HCM Center or HN', 'Có 2 năm kinh nghiệm', 3, '2023-05-07', '2023-06-07', 11, 2);
INSERT INTO `post` (`id`, `categoryId`, `accountId`, `title`, `quantity`, `salary`, `address`, `type`, `rank`, `gen`, `description`, `rights`, `request`, `status`, `createDate`, `endDate`, `billId`, `priceId`) VALUES (97, 2, 10, ' Data Anal', '1', '25000000', 'Thành Phố Hồ Chí Minh', 'Kỳ thực tập', 'senior', 'Không yêu cầu', '・Chi tiết công việc sẽ trao đổi trong buổi phỏng vấn.', '• Working at HCM Center or HN', 'Có 2 năm kinh nghiệm', 3, '2023-05-07', '2023-06-07', 11, 2);
INSERT INTO `post` (`id`, `categoryId`, `accountId`, `title`, `quantity`, `salary`, `address`, `type`, `rank`, `gen`, `description`, `rights`, `request`, `status`, `createDate`, `endDate`, `billId`, `priceId`) VALUES (98, 2, 8, ' SE(java)', '2', '25000000', 'Thành Phố Hồ Chí Minh', 'Kỳ thực tập', 'senior', 'Không yêu cầu', '・Chi tiết công việc sẽ trao đổi trong buổi phỏng vấn.', '• Working at HCM Center or HN', 'Có 2 năm kinh nghiệm', 3, '2023-05-07', '2023-06-07', 11, 2);
INSERT INTO `post` (`id`, `categoryId`, `accountId`, `title`, `quantity`, `salary`, `address`, `type`, `rank`, `gen`, `description`, `rights`, `request`, `status`, `createDate`, `endDate`, `billId`, `priceId`) VALUES (99, 2, 10, ' Software Development Specialist PYTHON', '5', '25000000', 'Thành Phố Hồ Chí Minh', 'Kỳ thực tập', 'senior', 'Không yêu cầu', '・Chi tiết công việc sẽ trao đổi trong buổi phỏng vấn.', '• Working at HCM Center or HN', 'Có 2 năm kinh nghiệm', 3, '2023-05-07', '2023-06-07', 11, 2);
INSERT INTO `post` (`id`, `categoryId`, `accountId`, `title`, `quantity`, `salary`, `address`, `type`, `rank`, `gen`, `description`, `rights`, `request`, `status`, `createDate`, `endDate`, `billId`, `priceId`) VALUES (100, 2, 7, ' Software Development Specialist JAVA', '1', '25000000', 'Thành Phố Hồ Chí Minh', 'Bán thời gian', 'senior', 'Không yêu cầu', '・Chi tiết công việc sẽ trao đổi trong buổi phỏng vấn.', '• Working at HCM Center or HN', 'Có 2 năm kinh nghiệm', 3, '2023-05-07', '2023-06-07', 11, 2);

-- ----------------------------
-- Table structure for postApplied
-- ----------------------------
DROP TABLE IF EXISTS `postApplied`;
CREATE TABLE `postApplied`  (
  `id` int NOT NULL AUTO_INCREMENT,
  `accountEmail` TEXT NOT NULL,
  `postId` int NOT NULL,
  `fileCV` text CHARACTER SET utf8mb4 COLLATE utf8mb4_general_ci NULL,
  `createDate` date NOT NULL,
  PRIMARY KEY (`id`) USING BTREE
) ENGINE = InnoDB AUTO_INCREMENT = 1 CHARACTER SET = utf8mb4 COLLATE = utf8mb4_general_ci ROW_FORMAT = Dynamic;

-- ----------------------------
-- Records of postApplied
-- ----------------------------

-- ----------------------------
-- Table structure for log
-- ----------------------------
DROP TABLE IF EXISTS log;
CREATE TABLE log  (
  id int NOT NULL AUTO_INCREMENT,
	  level TINYINT NOT NULL,
  userId int,
  src VARCHAR(255) NOT NULL,
	content LONGTEXT,
 createDate DATETIME NOT NULL,
	status TINYINT NOT NULL,
  PRIMARY KEY (`id`) USING BTREE
) ENGINE = InnoDB AUTO_INCREMENT = 1 CHARACTER SET = utf8mb4 COLLATE = utf8mb4_general_ci ROW_FORMAT = Dynamic;

-- ----------------------------
-- Records of log
-- ----------------------------

-- ----------------------------
-- Table structure for price
-- ----------------------------
DROP TABLE IF EXISTS `price`;
CREATE TABLE `price`  (
  `id` int NOT NULL AUTO_INCREMENT,
  `price` text NOT NULL,
  `vat` text,
	`current` text NOT NULL,
  `createDate` date NOT NULL,
	`updateDate` date,
  PRIMARY KEY (`id`) USING BTREE
) ENGINE = InnoDB AUTO_INCREMENT = 1 CHARACTER SET = utf8mb4 COLLATE = utf8mb4_general_ci ROW_FORMAT = Dynamic;

-- ----------------------------
-- Records of price
-- ----------------------------
INSERT INTO `price` VALUES (1, '30000', '0.02', 'VND', '2023-04-19', NULL);
INSERT INTO `price` VALUES (2, '35000', '0.03', 'VND', '2023-04-20', NULL);

SET FOREIGN_KEY_CHECKS = 1;

-- ----------------------------
-- query test
-- ----------------------------
